;Id;Valore;V_Partite;V_FM;V_MV;V_Rigori;V_Rig_Parati;V_Ammonizioni;V_Espulsioni;V_Squadra;V_Gol_Subiti;;;Valore;V_Partite;V_FM;V_MV;V_Rigori;V_Rig_Parati;V_Ammonizioni;V_Espulsioni;V_Squadra;V_Gol_Subiti
0;0;17,43073684;1,276842105;5,401894737;4,752;0;0;0;0;6;0;;MAX;41,19114035;6,58;14,724;11,57652632;9,675;5;0;0;7,5;0
1;1;41,19114035;5,776842105;14,724;11,14863158;8,766666667;0;-5,225;0;6;0;;MIN;-45,33947368;0;0;0;0;0;-43,06666667;-2,714285714;1,5;-50
2;2;13,15856842;4,2112;2,6;1,847368421;0;0;0;0;4,5;0;;;;;;;;;;;;
3;3;19,78366228;5,474736842;9,258947368;7,397894737;3,333333333;0;-8,68125;0;3;0;;;;;;;;;;;;
4;4;19,62210526;6,58;3,215789474;2,326315789;0;0;0;0;7,5;0;;;;;;;;;;;;
5;5;14,63227113;2,504736842;7,934052632;6,887421053;0;0;-9,349494949;-0,844444444;7,5;0;;;;;;;;;;;;
6;6;24,51368421;4,843157895;7,666315789;6,704210526;2;0;-4,2;0;7,5;0;;;;;;;;;;;;
7;7;25,48908925;4,87;12,68705263;10,63994737;0;0;-10,20791075;0;7,5;0;;;;;;;;;;;;
8;8;6,173852632;1,0528;1,197368421;0,923684211;0;0;0;0;3;0;;;;;;;;;;;;
9;9;11,51753684;2,3688;1,779631579;1,369105263;0;0;0;0;6;0;;;;;;;;;;;;
10;10;27,34566507;5,645789474;14,18731579;11,31710526;2,7;0;-11,00454545;0;4,5;0;;;;;;;;;;;;
11;11;17,20894737;6,58;2,805263158;2,223684211;0;0;-0,4;0;6;0;;;;;;;;;;;;
12;12;21,37557374;3,336842105;9,567263158;8,272842105;0,6;0;-4,087087912;-0,814285714;4,5;0;;;;;;;;;;;;
13;13;14,5898;0,889536842;3,299210526;2,901052632;0;0;0;0;7,5;0;;;;;;;;;;;;
14;14;0,252834008;0,526315789;3,050263158;2,883947368;0;0;-9,207692308;0;3;0;;;;;;;;;;;;
15;15;6,037010526;1,0528;1,094736842;0,889473684;0;0;0;0;3;0;;;;;;;;;;;;
16;16;10,53701053;1,0528;1,094736842;0,889473684;0;0;0;0;7,5;0;;;;;;;;;;;;
17;17;23,092;3,133157895;9,882;8,451842105;0,5;0;-4,875;0;6;0;;;;;;;;;;;;
18;18;18,0714935;3,401578947;8,141578947;7,457747368;0;0;-8,429411765;0;7,5;0;;;;;;;;;;;;
19;19;34,62872308;5,588421053;12,42178947;10,95642105;0;0;-1,837908497;0;7,5;0;;;;;;;;;;;;
20;20;11,24248421;2,3688;1,574368421;1,299315789;0;0;0;0;6;0;;;;;;;;;;;;
21;21;16,00638947;3,587263158;4,113694737;3,805431579;0;0;0;0;4,5;0;;;;;;;;;;;;
22;22;23,0741833;4,993157895;7,993947368;6,690526316;2;0;-6,103448276;0;7,5;0;;;;;;;;;;;;
23;23;25,13921053;4,843157895;7,727368421;6,493684211;0;0;-1,425;0;7,5;0;;;;;;;;;;;;
24;24;18,50368421;6,58;2,6;2,223684211;0;0;-0,4;0;7,5;0;;;;;;;;;;;;
25;25;22,84654737;3,482210526;6,386842105;4,877494737;3,6;0;0;0;4,5;0;;;;;;;;;;;;
26;26;16,26496686;3,327894737;10,75642105;8,826947368;0;0;-12,73888889;-1,407407407;7,5;0;;;;;;;;;;;;
27;27;11,72333999;3,409473684;9,178052632;8,510526316;0;0;-11,71954023;-0,655172414;3;0;;;;;;;;;;;;
28;28;30,99414005;4,963157895;13,73789474;10,59131579;6,644444444;0;-8,79124424;-0,651428571;4,5;0;;;;;;;;;;;;
29;29;12,7782807;1,717368421;6,353368421;6,074210526;0;0;-8,866666667;0;7,5;0;;;;;;;;;;;;
30;30;17,36947368;6,58;2,531578947;2,257894737;0;0;0;0;6;0;;;;;;;;;;;;
31;31;17,68885091;4,082105263;10,36088421;9,145621053;0;0;-9,522836538;-0,876923077;4,5;0;;;;;;;;;;;;
32;32;18,93944389;4,325789474;9,739136842;9,104557895;0;0;-8,117137097;-0,612903226;4,5;0;;;;;;;;;;;;
33;33;15,87536142;3,717368421;9,593263158;8,913578947;1,1;0;-14,12276215;-0,826086957;7,5;0;;;;;;;;;;;;
34;34;18,80105263;6,58;2,497368421;2,223684211;0;0;0;0;7,5;0;;;;;;;;;;;;
35;35;12,92844394;4,172105263;5,846052632;5,692894737;0;0;-5,782608696;0;3;0;;;;;;;;;;;;
36;36;15,3492275;5,308947368;7,754736842;6,859736842;0;0;-6,348387097;-1,225806452;3;0;;;;;;;;;;;;
37;37;4,331747368;1,0528;0,992105263;0,786842105;0;0;0;0;1,5;0;;;;;;;;;;;;
38;38;10,97435789;4,2112;1,984210526;1,778947368;0;0;0;0;3;0;;;;;;;;;;;;
39;39;18,54715746;3,409473684;8,971684211;8,705736842;0;0;-10,03973727;0;7,5;0;;;;;;;;;;;;
40;40;23,42258054;5,443157895;10,80973684;10,54847368;0;0;-10,87878788;0;7,5;0;;;;;;;;;;;;
41;41;13,5745614;2,339473684;8,006842105;6,961578947;3,4;0;-10,13333333;0;3;0;;;;;;;;;;;;
42;42;5,06995;1,208947368;5,986126316;5,156126316;0,6;0;-9,38125;0;1,5;0;;;;;;;;;;;;
43;43;17,39008639;2,963157895;7,716705263;7,461947368;0;0;-6,751724138;0;6;0;;;;;;;;;;;;
44;44;5,686673171;2,002631579;4,767642105;5,549326316;0;1;-0,59375;-0,35625;6;-12,68292683;;;;;;;;;;;;
45;45;13,91975038;2,274210526;7,721010526;6,783957895;0;0;-8,859428571;0;6;0;;;;;;;;;;;;
46;46;28,79753628;4,895263158;10,97974737;10,08005263;0;0;-4,657526882;0;7,5;0;;;;;;;;;;;;
47;47;21,39814649;4,305263158;10,67690526;9,463894737;0,6;0;-11,14791667;0;7,5;0;;;;;;;;;;;;
48;48;23,41810817;3,52;9,1538;8,433273684;0;0;-5,188965517;0;7,5;0;;;;;;;;;;;;
49;49;11,32639746;4,993157895;7,217894737;6,405;0;0;-7,479310345;-1,310344828;1,5;0;;;;;;;;;;;;
50;50;11,49796774;2,967368421;8,077157895;7,882473684;0;0;-14,92903226;0;7,5;0;;;;;;;;;;;;
51;51;-1,868684211;0,417368421;2,653421053;2,435526316;0;0;-14,875;0;7,5;0;;;;;;;;;;;;
52;52;19,09762406;2,454210526;7,720105263;7,394736842;0;0;-4,471428571;0;6;0;;;;;;;;;;;;
53;53;15,30537065;2,976989474;6,191052632;5,667631579;0;0;-4,03030303;0;4,5;0;;;;;;;;;;;;
54;54;19,12897544;3,369221053;6,142105263;6,024315789;0;0;-1,773333333;-0,633333333;6;0;;;;;;;;;;;;
55;55;6,537221053;2,3688;1,436842105;1,231578947;0;0;0;0;1,5;0;;;;;;;;;;;;
56;56;6,537221053;2,3688;1,436842105;1,231578947;0;0;0;0;1,5;0;;;;;;;;;;;;
57;57;26,09684211;6,58;8,848947368;7,967894737;0;0;-1,8;0;4,5;0;;;;;;;;;;;;
58;58;15,46320883;3,384210526;9,378157895;8,323421053;2;0;-12,12258065;0;4,5;0;;;;;;;;;;;;
59;59;28,05433713;5,719473684;13,02026316;11,37878947;0;0;-6,050675676;-0,513513514;4,5;0;;;;;;;;;;;;
60;60;26,28210526;4,710526316;11,67394737;9,957631579;0;0;-4,56;0;4,5;0;;;;;;;;;;;;
61;61;25,15026901;5,956842105;12,40578947;11,57652632;0;0;-9,288888889;0;4,5;0;;;;;;;;;;;;
62;62;19,17155702;4,615789474;9,913684211;9,67;0;0;-10,64791667;-0,38;6;0;;;;;;;;;;;;
63;63;19,10269737;5,474736842;7,096842105;6,987368421;0;0;-4,95625;0;4,5;0;;;;;;;;;;;;
64;64;22,17361842;5,474736842;7,888421053;7,204210526;0;0;-2,89375;0;4,5;0;;;;;;;;;;;;
65;65;18,59578947;6,58;2,360526316;2,155263158;0;0;0;0;7,5;0;;;;;;;;;;;;
66;66;24,67264396;5,187368421;11,42530526;10,26585263;0;0;-6,705882353;0;4,5;0;;;;;;;;;;;;
67;67;24,29561882;5,085263158;11,77326316;10,50678947;3,6;0;-11,16969697;0;4,5;0;;;;;;;;;;;;
68;68;23,23406828;6,382631579;9,566842105;7,99;3;0;-9,705405405;0;6;0;;;;;;;;;;;;
69;69;9,37;0,603684211;3,050526316;2,715789474;0;0;0;0;3;0;;;;;;;;;;;;
70;70;15,20067368;4,2112;1,847368421;1,642105263;0;0;0;0;7,5;0;;;;;;;;;;;;
71;71;20,57676161;3,769473684;10,04568421;8,823368421;1;0;-10,56176471;0;7,5;0;;;;;;;;;;;;
72;72;17,29502288;4,172105263;5,928947368;5,876578947;0;0;-6,182608696;0;7,5;0;;;;;;;;;;;;
73;73;25,56393672;3,891052632;9,536157895;8,94;0;0;-4,30327381;0;7,5;0;;;;;;;;;;;;
74;74;15,02473684;6,58;2,292105263;2,052631579;0;0;-0,4;0;4,5;0;;;;;;;;;;;;
75;75;6,21477556;2,360526316;6,699757895;6,774031579;0;0;-14,11954023;0;4,5;0;;;;;;;;;;;;
76;76;9,849590643;2,323684211;7,129010526;6,874673684;0;0;-9,5;-1,477777778;4,5;0;;;;;;;;;;;;
77;77;27,92113158;5,209473684;11,64757895;10,00157895;1,8;0;-2,2375;0;1,5;0;;;;;;;;;;;;
78;78;15,2608134;2,405263158;7,651578947;7,235789474;0;0;-5,668181818;-0,863636364;4,5;0;;;;;;;;;;;;
79;79;26,67894737;6,190526316;8,185263158;7,803157895;0;0;0;0;4,5;0;;;;;;;;;;;;
80;80;23,64174761;4,914210526;11,10510526;10,348;1,5;0;-10,53806818;-1,1875;7,5;0;;;;;;;;;;;;
81;81;14,19052632;2,822105263;2,715789474;2,652631579;0;0;0;0;6;0;;;;;;;;;;;;
82;82;13,89052632;6,58;2,257894737;2,052631579;0;0;0;0;3;0;;;;;;;;;;;;
83;83;22,87206767;4,802631579;11,11736842;10,22921053;1,6;0;-9,377142857;0;4,5;0;;;;;;;;;;;;
84;84;18,94428193;5,059473684;10,17289474;10,05631579;0;0;-12,34440228;0;6;0;;;;;;;;;;;;
85;85;25,24298246;3,95;9,224210526;8,002105263;4;0;-4,433333333;0;4,5;0;;;;;;;;;;;;
86;86;9,769473684;2,790526316;2,368421053;2,210526316;0;0;-0,6;0;3;0;;;;;;;;;;;;
87;87;7,365410526;0,703305263;2,581578947;2,660526316;0;0;-3,546666667;-2,533333333;7,5;0;;;;;;;;;;;;
88;88;5,652673684;0,2632;0,444736842;0,444736842;0;0;0;0;4,5;0;;;;;;;;;;;;
89;89;13,32473684;6,58;2,189473684;2,155263158;0;0;-0,6;0;3;0;;;;;;;;;;;;
90;90;11,82473684;6,58;2,189473684;2,155263158;0;0;-0,6;0;1,5;0;;;;;;;;;;;;
91;91;8,530989474;4,2112;1,746105263;1,573684211;0;0;-0,5;0;1,5;0;;;;;;;;;;;;
92;92;12,59812727;2,155789474;6,608305263;6,573305263;0;0;-10,23927273;0;7,5;0;;;;;;;;;;;;
93;93;11,28098947;4,2112;1,746105263;1,573684211;0;0;-0,75;0;4,5;0;;;;;;;;;;;;
94;94;16,20656608;1,823684211;5,930873684;5,671452632;0;0;-3,219444444;0;6;0;;;;;;;;;;;;
95;95;8,807536842;1,263957895;2,830947368;2,702631579;0;0;-3,99;0;6;0;;;;;;;;;;;;
96;96;20,05083021;2,083684211;6,474768421;6,305421053;0;0;-2,313043478;0;7,5;0;;;;;;;;;;;;
97;97;25,85442655;5,059473684;10,85073684;10,34763158;0;0;-3,40341556;0;3;0;;;;;;;;;;;;
98;98;21,11650558;5,443157895;11,18552632;10,88357895;0;0;-10,55030303;-0,345454545;4,5;0;;;;;;;;;;;;
99;99;29,24265763;5,63;11,96147368;10,98805263;1,7;0;-5,009090909;-0,527777778;4,5;0;;;;;;;;;;;;
100;100;6,341653814;2,024736842;6,624631579;6,614210526;0;0;-12,30427807;-1,117647059;4,5;0;;;;;;;;;;;;
101;101;19,43704802;4,137894737;10,58021053;9,558;1,933333333;0;-12,06868687;-0,703703704;6;0;;;;;;;;;;;;
102;102;22,61643421;3,598947368;8,341368421;8,357368421;0;0;-3,68125;0;6;0;;;;;;;;;;;;
103;103;22,47555405;3,715789474;9,101684211;8,860484211;0;0;-6,702403846;0;7,5;0;;;;;;;;;;;;
104;104;25,52588134;3,817368421;10,24736842;8,779326316;0;0;-4,818181818;0;7,5;0;;;;;;;;;;;;
105;105;12,47440491;2,476315789;7,662052632;7,280305263;0;0;-9,444268775;0;4,5;0;;;;;;;;;;;;
106;106;5,076115789;0,573747368;1,907631579;1,894736842;0;0;-3,8;0;4,5;0;;;;;;;;;;;;
107;107;21,00283231;3,495263158;8,517473684;8,234684211;0;0;-6,744588745;0;7,5;0;;;;;;;;;;;;
108;108;17,79790119;4,308147368;6,261578947;6,302368421;0;0;-3,574193548;0;4,5;0;;;;;;;;;;;;
109;109;7,797536842;1,0528;0,855263158;0,889473684;0;0;-1;0;6;0;;;;;;;;;;;;
110;110;22,75030722;4,104210526;9,300210526;8,718736842;0;0;-2,372850679;0;3;0;;;;;;;;;;;;
111;111;10,53219883;3,706842105;8,302105263;8,295473684;0;0;-10,95555556;-0,316666667;1,5;0;;;;;;;;;;;;
112;112;24,45266552;5,885263158;11,38526316;10,87542105;0;0;-5,607567568;-1,085714286;3;0;;;;;;;;;;;;
113;113;25,82852578;5,412105263;10,91005263;10,63010526;0;0;-8,623737374;0;7,5;0;;;;;;;;;;;;
114;114;15,48247988;3,485789474;8,716894737;8,632736842;0;0;-11,35294118;0;6;0;;;;;;;;;;;;
115;115;14,07506516;2,841052632;7,717578947;7,608052632;0;0;-7,288761905;-1,302857143;4,5;0;;;;;;;;;;;;
116;116;13,88363376;3,721052632;8,424705263;8,3896;0;0;-14,15172414;0;7,5;0;;;;;;;;;;;;
117;117;7,498554386;1,592905263;3,695368421;3,576947368;0;0;-8,866666667;0;7,5;0;;;;;;;;;;;;
118;118;12,40174737;2,3688;1,266473684;1,266473684;0;0;0;0;7,5;0;;;;;;;;;;;;
119;119;20,94471538;4,271578947;9,161115789;9,155157895;0;0;-9,143137255;0;7,5;0;;;;;;;;;;;;
120;120;18,38489412;5,187368421;9,891852632;9,870378947;0;0;-10,17058824;-0,894117647;4,5;0;;;;;;;;;;;;
121;121;21,52291476;4,271578947;9,683747368;9,375431579;0;0;-8,832843137;-0,475;7,5;0;;;;;;;;;;;;
122;122;16,06268772;1,993684211;6,511957895;6,390378947;0;0;-6,333333333;0;7,5;0;;;;;;;;;;;;
123;123;14,93265901;3,452631579;8,3988;8,196378947;0;0;-9,615151515;0;4,5;0;;;;;;;;;;;;
124;124;9,4292;1,844989474;2,322421053;2,261789474;0;0;0;0;3;0;;;;;;;;;;;;
125;125;10,56109474;4,2112;1,674947368;1,674947368;0;0;0;0;3;0;;;;;;;;;;;;
126;126;9,061094737;4,2112;1,674947368;1,674947368;0;0;0;0;1,5;0;;;;;;;;;;;;
127;127;9,061094737;4,2112;1,674947368;1,674947368;0;0;0;0;1,5;0;;;;;;;;;;;;
128;128;9,116620137;2,608947368;7,120105263;7,196263158;0;0;-11,44505929;-0,863636364;4,5;0;;;;;;;;;;;;
129;129;13,26572515;2,527368421;7,062;7,123578947;0;0;-8,655555556;-0,791666667;6;0;;;;;;;;;;;;
130;130;20,13330192;5,474736842;6,675789474;7,341052632;0;1;-0,83125;0;7,5;-7,027027027;;;;;;;;;;;;
131;131;22,62145327;4,33;10,662;9,600789474;0;0;-9,471336207;0;7,5;0;;;;;;;;;;;;
132;132;16,31947368;6,58;2,086842105;2,052631579;0;0;-0,4;0;6;0;;;;;;;;;;;;
133;133;13,38789474;6,58;2,086842105;2,121052632;0;0;-0,4;0;3;0;;;;;;;;;;;;
134;134;12,62210526;6,58;2,086842105;2,155263158;0;0;-1,2;0;3;0;;;;;;;;;;;;
135;135;17,81947368;6,58;2,086842105;2,052631579;0;0;-0,4;0;7,5;0;;;;;;;;;;;;
136;136;4,194905263;1,0528;0,821052632;0,821052632;0;0;0;0;1,5;0;;;;;;;;;;;;
137;137;22,51209273;4,802631579;10,13921053;10,06263158;0;0;-9,033333333;-0,959047619;7,5;0;;;;;;;;;;;;
138;138;12,99774436;2,874736842;7,171578947;7,28;0;0;-6,65;-0,678571429;3;0;;;;;;;;;;;;
139;139;15,05018379;2,634736842;6,361578947;6,318947368;0;0;-4,765079365;0;4,5;0;;;;;;;;;;;;
140;140;2,288148825;1,473684211;5,211631579;5,161726316;0;0;-11,05889328;0;1,5;0;;;;;;;;;;;;
141;141;24,16871469;5,716842105;10,33105263;10,13394737;0,5;0;-6,4996139;-0,513513514;4,5;0;;;;;;;;;;;;
142;142;4,882052632;0,794736842;3,938105263;3,724210526;0;0;-8,075;0;4,5;0;;;;;;;;;;;;
143;143;23,26175188;4,078947368;9,693157895;9,310789474;0;0;-4,321142857;0;4,5;0;;;;;;;;;;;;
144;144;13,38853748;3,556842105;7,958842105;8,024368421;0;0;-8,575757576;-0,575757576;3;0;;;;;;;;;;;;
145;145;21,18058352;2,398947368;6,835263158;6,382894737;3;0;-3,436521739;0;6;0;;;;;;;;;;;;
146;146;5,758947368;0,626315789;3,376421053;3,356210526;0;0;-7,6;0;6;0;;;;;;;;;;;;
147;147;7,904148607;1,393157895;4,402315789;5,079263158;0;1;0;0;7,5;-11,47058824;;;;;;;;;;;;
148;148;4,194905263;1,0528;0,821052632;0,821052632;0;0;0;0;1,5;0;;;;;;;;;;;;
149;149;17,1339648;4,012631579;8,327157895;8,403684211;0;0;-11,10950888;0;7,5;0;;;;;;;;;;;;
150;150;16,27484211;4,424736842;6,236842105;5,805263158;0;0;-3,192;0;3;0;;;;;;;;;;;;
151;151;3,941631579;1,161052632;4,152789474;4,127789474;0;0;-7;0;1,5;0;;;;;;;;;;;;
152;152;17,94589474;2,400526316;6,478105263;6,067263158;0;0;0;0;3;0;;;;;;;;;;;;
153;153;22,19305668;2,668947368;7,592263158;7,478;0;0;-3,046153846;0;7,5;0;;;;;;;;;;;;
154;154;13,47502871;5,085263158;9,970105263;10,03784211;0;0;-17,04242424;-0,575757576;6;0;;;;;;;;;;;;
155;155;19,30349805;4,112631579;8,568578947;8,432736842;0;0;-7,464994775;-0,345454545;6;0;;;;;;;;;;;;
156;156;10,19490526;1,0528;0,821052632;0,821052632;0;0;0;0;7,5;0;;;;;;;;;;;;
157;157;25,7056891;4,434210526;10,43905263;9,179105263;0,6;0;-2,833776091;-0,612903226;4,5;0;;;;;;;;;;;;
158;158;11,12239098;1,521052632;4,684631579;4,772421053;0;0;-7,355714286;0;7,5;0;;;;;;;;;;;;
159;159;3,36819883;1,4;5,287263158;5,403157895;0;0;-14,72222222;0;6;0;;;;;;;;;;;;
160;160;9,946463158;0,555936842;2,523947368;2,366578947;0;0;0;0;4,5;0;;;;;;;;;;;;
161;161;25,80163955;5,085263158;10,95142105;10,55889474;0;0;-6,793939394;0;6;0;;;;;;;;;;;;
162;162;5,339138756;0,859473684;4,182210526;4,077;0;0;-6,779545455;0;3;0;;;;;;;;;;;;
163;163;24,45473684;2,95;7,128631579;6,876105263;0;0;0;0;7,5;0;;;;;;;;;;;;
164;164;19,2672925;2,976989474;6,51;5,85;3;0;-2,418181818;-1,151515152;4,5;0;;;;;;;;;;;;
165;165;5,694905263;1,0528;0,821052632;0,821052632;0;0;0;0;3;0;;;;;;;;;;;;
166;166;-3,30102834;1,094736842;4,403578947;4,477578947;0;0;-19,27692308;0;6;0;;;;;;;;;;;;
167;167;22,42210526;5,474736842;7,082105263;6,865263158;0;0;0;0;3;0;;;;;;;;;;;;
168;168;12,09406935;4,6;9,612947368;9,584063158;0;0;-16,20294118;0;4,5;0;;;;;;;;;;;;
169;169;-11,38612281;0,686315789;3,167210526;3,293684211;0;0;-21,53333333;0;3;0;;;;;;;;;;;;
170;170;6,592437247;1,755368421;3,110842105;3,110842105;0;0;-4,384615385;0;3;0;;;;;;;;;;;;
171;171;21,38543421;5,160526316;10,29863158;10,04752632;0;0;-8,62125;0;4,5;0;;;;;;;;;;;;
172;172;2,037447368;1,577894737;5,418526316;5,578526316;0;0;-12,825;-0,7125;3;0;;;;;;;;;;;;
173;173;2,950147368;0,240147368;1,392105263;1,417894737;0;0;-7,6;0;7,5;0;;;;;;;;;;;;
174;174;11,59076401;3,240526316;8,210789474;7,778157895;0;0;-15,13870968;0;7,5;0;;;;;;;;;;;;
175;175;17,08315789;2,493684211;7,122105263;6,407368421;0;0;-4,94;0;6;0;;;;;;;;;;;;
176;176;20,64566409;3,632631579;8,220947368;8,159684211;0;0;-6,291841492;-0,575757576;7,5;0;;;;;;;;;;;;
177;177;11,84226721;0,766315789;3,562105263;3,56;0;0;-2,046153846;0;6;0;;;;;;;;;;;;
178;178;7,597866667;0,963831579;3,064736842;3,102631579;0;0;-1,477777778;-1,055555556;3;0;;;;;;;;;;;;
179;179;12,76361107;1,445536842;3,281842105;3,249052632;0;0;-2,712820513;0;7,5;0;;;;;;;;;;;;
180;180;5,584252632;0,2632;0,410526316;0,410526316;0;0;0;0;4,5;0;;;;;;;;;;;;
181;181;4,084252632;0,2632;0,410526316;0,410526316;0;0;0;0;3;0;;;;;;;;;;;;
182;182;11,7517731;2,631831579;4,239473684;4,291578947;0;0;-6,911111111;0;7,5;0;;;;;;;;;;;;
183;183;4,351115789;0,707957895;2,218421053;2,244736842;0;0;-5,32;0;4,5;0;;;;;;;;;;;;
184;184;10,70735789;1,992357895;2,896578947;2,818421053;0;0;0;0;3;0;;;;;;;;;;;;
185;185;9,083012865;0,963831579;3,325263158;3,249473684;0;0;-2,955555556;0;4,5;0;;;;;;;;;;;;
186;186;5,694905263;1,0528;0,821052632;0,821052632;0;0;0;0;3;0;;;;;;;;;;;;
187;187;5,6612;0,113831579;0,523684211;0,523684211;0;0;0;0;4,5;0;;;;;;;;;;;;
188;188;7,840147368;0,134884211;0,852631579;0,852631579;0;0;0;0;6;0;;;;;;;;;;;;
189;189;7,084252632;0,2632;0,410526316;0,410526316;0;0;0;0;6;0;;;;;;;;;;;;
190;190;10,19490526;1,0528;0,821052632;0,821052632;0;0;0;0;7,5;0;;;;;;;;;;;;
191;191;2,584252632;0,2632;0,410526316;0,410526316;0;0;0;0;1,5;0;;;;;;;;;;;;
192;192;4,084252632;0,2632;0,410526316;0,410526316;0;0;0;0;3;0;;;;;;;;;;;;
193;193;4,194905263;1,0528;0,821052632;0,821052632;0;0;0;0;1,5;0;;;;;;;;;;;;
194;194;11,99541053;4,2112;1,642105263;1,642105263;0;0;0;0;4,5;0;;;;;;;;;;;;
195;195;6,331957895;2,3688;1,231578947;1,231578947;0;0;0;0;1,5;0;;;;;;;;;;;;
196;196;10,19490526;1,0528;0,821052632;0,821052632;0;0;0;0;7,5;0;;;;;;;;;;;;
197;197;8,584252632;0,2632;0,410526316;0,410526316;0;0;0;0;7,5;0;;;;;;;;;;;;
198;198;4,084252632;0,2632;0,410526316;0,410526316;0;0;0;0;3;0;;;;;;;;;;;;
199;199;6,331957895;2,3688;1,231578947;1,231578947;0;0;0;0;1,5;0;;;;;;;;;;;;
200;200;7,200185965;2,3688;1,231578947;1,266473684;0;0;-0,666666667;0;3;0;;;;;;;;;;;;
201;201;3,737894737;1,577894737;4,787052632;4,672947368;0;0;-13,3;0;6;0;;;;;;;;;;;;
202;202;4,653684211;1,213157895;4,732105263;4,658421053;0;0;-9,2625;-1,1875;4,5;0;;;;;;;;;;;;
203;203;14,25992026;5,645789474;7,073684211;7,001052632;0;0;-8,460606061;0;3;0;;;;;;;;;;;;
204;204;22,38246053;4,18;9,61;9,286210526;0;0;-4,8375;-0,35625;4,5;0;;;;;;;;;;;;
205;205;23,84996241;4,961578947;9,758473684;9,847052632;0;0;-7,674285714;-0,542857143;7,5;0;;;;;;;;;;;;
206;206;11,55105263;6,58;2,018421053;2,052631579;0;0;-0,6;0;1,5;0;;;;;;;;;;;;
207;207;15,76435088;2,359473684;6,866684211;6,821526316;0;0;-4,783333333;0;4,5;0;;;;;;;;;;;;
208;208;24,77563667;3,485263158;8,605578947;8,617052632;0;0;-3,432258065;0;7,5;0;;;;;;;;;;;;
209;209;9,454680462;3,485789474;8,512894737;8,583631579;0;0;-14,12763533;0;3;0;;;;;;;;;;;;
210;210;13,25105263;6,58;2,018421053;2,052631579;0;0;-0,4;0;3;0;;;;;;;;;;;;
211;211;12,88526316;6,58;2,018421053;2,086842105;0;0;-0,8;0;3;0;;;;;;;;;;;;
212;212;26,25069761;4,606842105;12,5562;10,34447368;9,675;0;-15,43181818;0;4,5;0;;;;;;;;;;;;
213;213;30,10647895;3,997368421;10,85109474;9,145515789;3,6;0;-4,9875;0;7,5;0;;;;;;;;;;;;
214;214;26,33675956;4,358421053;10,75235789;9,524357895;4;0;-6,463083164;-0,335294118;4,5;0;;;;;;;;;;;;
215;215;15,68124211;3,385789474;8,089094737;7,894357895;0;0;-5,928;-0,76;3;0;;;;;;;;;;;;
216;216;8,929726316;4,2112;1,609263158;1,609263158;0;0;0;0;1,5;0;;;;;;;;;;;;
217;217;10,42972632;4,2112;1,609263158;1,609263158;0;0;0;0;3;0;;;;;;;;;;;;
218;218;5,813642105;0,468421053;3,147084211;3,018136842;0;0;-5,32;0;4,5;0;;;;;;;;;;;;
219;219;5,112426836;2,336315789;7,016347368;6,759368421;0;0;-13,99960474;0;3;0;;;;;;;;;;;;
220;220;3,135650877;0,910526316;4,040242105;4,005715789;0;0;-8,820833333;0;3;0;;;;;;;;;;;;
221;221;9,201418222;2,933684211;7,138452632;7,193210526;0;0;-9,563929147;0;1,5;0;;;;;;;;;;;;
222;222;23,91611579;5,020526316;10,17508421;9,695505263;3;0;-9,975;0;6;0;;;;;;;;;;;;
223;223;10,76216842;2,3688;1,196684211;1,196684211;0;0;0;0;6;0;;;;;;;;;;;;
224;224;15,04946285;2,392905263;4,681736842;4,611052632;0;0;-4,136231884;0;7,5;0;;;;;;;;;;;;
225;225;10,13039649;2,3688;1,196684211;1,231578947;0;0;-0,666666667;0;6;0;;;;;;;;;;;;
226;226;14,28637895;2,274484211;4,566736842;4,445157895;0;0;0;0;3;0;;;;;;;;;;;;
227;227;10,3382386;2,053431579;4,209894737;4,231578947;0;0;-4,656666667;0;4,5;0;;;;;;;;;;;;
228;228;7,130396491;2,3688;1,196684211;1,231578947;0;0;-0,666666667;0;3;0;;;;;;;;;;;;
229;229;7,762168421;2,3688;1,196684211;1,196684211;0;0;0;0;3;0;;;;;;;;;;;;
230;230;12,20952012;1,262105263;4,635263158;4,559210526;0;0;-3,129411765;-1,117647059;6;0;;;;;;;;;;;;
231;231;13,01382456;2,083157895;6,283157895;6,330842105;0;0;-7,683333333;0;6;0;;;;;;;;;;;;
232;232;16,18263158;6,58;1,984210526;2,018421053;0;0;-0,4;0;6;0;;;;;;;;;;;;
233;233;14,6427193;3,436842105;8,208947368;8,155263158;0;0;-8,158333333;0;3;0;;;;;;;;;;;;
234;234;15,22858182;4,356842105;9,268315789;9,337684211;0;0;-8,621357063;-0,612903226;1,5;0;;;;;;;;;;;;
235;235;14,24703958;5,3;8,410263158;10,54657895;0;0;-3,92034632;-0,575757576;7,5;-13,01369863;;;;;;;;;;;;
236;236;-2,143440191;0,843684211;3,735789474;3,781631579;0;0;-12,00454545;0;1,5;0;;;;;;;;;;;;
237;237;23,78426023;5,527368421;11,04378947;10,73115789;0;0;-6,518055556;0;3;0;;;;;;;;;;;;
238;238;13,35842105;3,832631579;4,857894737;4,957894737;0;0;-4,79;0;4,5;0;;;;;;;;;;;;
239;239;17,19815789;3,73;5,171578947;4,896578947;0;0;-2,1;-2;7,5;0;;;;;;;;;;;;
240;240;9,987033493;4,053684211;5,056315789;5,131578947;0;0;-7,254545455;0;3;0;;;;;;;;;;;;
241;241;12,04842105;6,58;1,984210526;1,984210526;0;0;0;0;1,5;0;;;;;;;;;;;;
242;242;18,99553216;3,147894737;7,689947368;7,696578947;0;0;-5,538888889;0;6;0;;;;;;;;;;;;
243;243;8,305384211;2,452884211;3,928421053;3,911578947;0;0;-4,9875;0;3;0;;;;;;;;;;;;
244;244;8,008981287;0,657957895;2,199473684;2,107105263;0;0;-2,955555556;0;6;0;;;;;;;;;;;;
245;245;10,72634386;3,675263158;8,153684211;8,304063158;0;0;-12,40666667;0;3;0;;;;;;;;;;;;
246;246;10,35856842;4,2112;1,573684211;1,573684211;0;0;0;0;3;0;;;;;;;;;;;;
247;247;8,161515789;1,802884211;1,912894737;1,945736842;0;0;-0,5;0;3;0;;;;;;;;;;;;
248;248;3,233484211;0,613221053;1,949473684;1,995789474;0;0;-4,325;0;3;0;;;;;;;;;;;;
249;249;6,160694737;1,0528;0,786842105;0,821052632;0;0;-1;0;4,5;0;;;;;;;;;;;;
250;250;7,126484211;1,0528;0,786842105;0,786842105;0;0;0;0;4,5;0;;;;;;;;;;;;
251;251;9,160694737;1,0528;0,786842105;0,821052632;0;0;-1;0;7,5;0;;;;;;;;;;;;
252;252;4,126484211;1,0528;0,786842105;0,786842105;0;0;0;0;1,5;0;;;;;;;;;;;;
253;253;22,91913158;4,18;9,105578947;9,171052632;0;0;-4,0375;0;4,5;0;;;;;;;;;;;;
254;254;23,30863816;4,485263158;10,28368421;9,390315789;1,8;0;-4,150625;0;1,5;0;;;;;;;;;;;;
255;255;17,49030535;4,522631579;10,28378947;9,854789474;0,6;0;-13,37780172;-0,393103448;6;0;;;;;;;;;;;;
256;256;28,63977632;5,340526316;10,99889474;10,67410526;0;0;-2,87375;0;4,5;0;;;;;;;;;;;;
257;257;22,61700722;5,735789474;10,43242105;10,54389474;0;0;-8,067320261;-0,527777778;4,5;0;;;;;;;;;;;;
258;258;10,84596491;2,184210526;6,587894737;6,200526316;0,6;0;-6,226666667;0;1,5;0;;;;;;;;;;;;
259;259;12,92483695;2,841052632;7,432315789;7,52;0;0;-9,368531469;0;4,5;0;;;;;;;;;;;;
260;260;17,19036596;3,043157895;8,107736842;7,836894737;0;0;-3,971336554;-0,826086957;3;0;;;;;;;;;;;;
261;261;27,75534675;5,158947368;10,29821053;10,08789474;0;0;-4,933455882;-0,35625;7,5;0;;;;;;;;;;;;
262;262;19,86475188;4,432631579;9,502842105;9,436421053;0;0;-5,913392857;-0,59375;3;0;;;;;;;;;;;;
263;263;14,61421053;6,58;1,95;1,984210526;0;0;-0,4;0;4,5;0;;;;;;;;;;;;
264;264;10,87429942;3,085263158;8,789810526;7,610336842;0;0;-11,61111111;0;3;0;;;;;;;;;;;;
265;265;31,59447935;3,575789474;10,6526;8,600705263;2,8;0;-1,534615385;0;7,5;0;;;;;;;;;;;;
266;266;16,35451615;4,7;9,979126316;9,393894737;0;0;-10,1247549;-0,59375;3;0;;;;;;;;;;;;
267;267;9,598290727;1,910526316;6,236336842;6,156189474;1,2;0;-8;-0,904761905;3;0;;;;;;;;;;;;
268;268;10,63894035;2,645536842;4,903263158;4,939473684;0;0;-5,589333333;-0,76;4,5;0;;;;;;;;;;;;
269;269;7,39962823;2,115263158;6,565231579;5,986178947;0;0;-11,41079545;-0,35625;4,5;0;;;;;;;;;;;;
270;270;12,29892398;2,754736842;6,8666;6,972031579;0;0;-8,794444444;0;4,5;0;;;;;;;;;;;;
271;271;11,56265965;2,3688;1,163842105;1,196684211;0;0;-0,666666667;0;7,5;0;;;;;;;;;;;;
272;272;22,44779393;4,554736842;9,499494737;9,232715789;0;0;-5,874074074;-0,965079365;6;0;;;;;;;;;;;;
273;273;7,764221053;2,3688;1,163842105;1,231578947;0;0;0;0;3;0;;;;;;;;;;;;
274;274;7,696484211;2,3688;1,163842105;1,163842105;0;0;0;0;3;0;;;;;;;;;;;;
275;275;16,95849442;2,244736842;6,670168421;6,667831579;0;0;-6,124242424;0;7,5;0;;;;;;;;;;;;
276;276;8,029173684;2,452884211;3,815578947;3,748210526;0;0;-4,9875;0;3;0;;;;;;;;;;;;
277;277;20,05464795;4,362105263;10,10248421;9,078947368;0;0;-9,933333333;-1,055555556;7,5;0;;;;;;;;;;;;
278;278;13,67191579;3,989894737;4,071115789;4,110905263;0;0;0;0;1,5;0;;;;;;;;;;;;
279;279;20,31107528;2,989473684;8,027326316;7,573063158;0;0;-4,278787879;0;6;0;;;;;;;;;;;;
280;280;8,787410526;4,2112;1,538105263;1,538105263;0;0;0;0;1,5;0;;;;;;;;;;;;
281;281;10,28741053;4,2112;1,538105263;1,538105263;0;0;0;0;3;0;;;;;;;;;;;;
282;282;-0,065982456;3,22;5,842105263;7,942526316;0;0;-3,325;0;4,5;-18,24561404;;;;;;;;;;;;
283;283;10,65602506;3,177894737;7,680947368;7,732421053;0;0;-12,4352381;0;4,5;0;;;;;;;;;;;;
284;284;21,4674613;4,963157895;11,63368421;10,27473684;2;0;-8,144117647;-0,76;1,5;0;;;;;;;;;;;;
285;285;10,35303509;1,496315789;5,537210526;5,492842105;0;0;-2,960833333;-0,7125;1,5;0;;;;;;;;;;;;
286;286;17,77830409;6,190526316;6,988421053;7,171578947;0;0;-5,572222222;0;3;0;;;;;;;;;;;;
287;287;23,79674348;6,072105263;10,94557895;10,74347368;0;0;-6,436636637;-0,527777778;3;0;;;;;;;;;;;;
288;288;20,75568421;5,956842105;11,10442105;10,59442105;0;0;-9,9;0;3;0;;;;;;;;;;;;
289;289;14,20522329;5,645789474;6,857368421;6,932368421;0;0;-7,654545455;-0,575757576;3;0;;;;;;;;;;;;
290;290;5,843906883;3,224736842;4,122105263;3,935526316;0;0;-6,938461538;0;1,5;0;;;;;;;;;;;;
291;291;11,91157895;6,58;1,915789474;1,915789474;0;0;0;0;1,5;0;;;;;;;;;;;;
292;292;-0,665210526;1,258;2,241894737;2,334894737;0;0;-8;0;1,5;0;;;;;;;;;;;;
293;293;5,48;1,956842105;5,203157895;5,22;0;0;-11,4;0;4,5;0;;;;;;;;;;;;
294;294;13,03812061;1,868421053;5,691105263;5,644578947;0;0;-7,665984655;0;7,5;0;;;;;;;;;;;;
295;295;21,37139713;3,515789474;8,875578947;7,898210526;0,5;0;-2,418181818;0;3;0;;;;;;;;;;;;
296;296;2,515831579;0,2632;0,376315789;0,376315789;0;0;0;0;1,5;0;;;;;;;;;;;;
297;297;11,36673684;1,42;5,890526316;5,406210526;0;0;-2,85;0;1,5;0;;;;;;;;;;;;
298;298;24,83626457;3,118947368;8,620210526;7,343684211;4,92;0;-5,16657754;0;6;0;;;;;;;;;;;;
299;299;21,16468041;4,366842105;7,967368421;8,981052632;0;5;-1,612121212;0;6;-9,538461538;;;;;;;;;;;;
300;300;15,92698947;1,163831579;3,705263158;3,557894737;0;0;0;0;7,5;0;;;;;;;;;;;;
301;301;16,3674597;3,005263158;6,925526316;6,746157895;0;0;-4,809487666;0;4,5;0;;;;;;;;;;;;
302;302;19,1416129;3,595789474;8,386052632;8,088157895;0;0;-8,428387097;0;7,5;0;;;;;;;;;;;;
303;303;11,04637895;0,960589474;2,787368421;2,798421053;0;0;0;0;4,5;0;;;;;;;;;;;;
304;304;12,96578947;5,148421053;6,142105263;6,355263158;0;0;-9,18;0;4,5;0;;;;;;;;;;;;
305;305;4,383254386;1,603157895;5,189368421;5,119894737;0;0;-10,52916667;0;3;0;;;;;;;;;;;;
306;306;11,35706061;1,436315789;5,518263158;5,176421053;0;0;-5,273939394;0;4,5;0;;;;;;;;;;;;
307;307;19,85013996;4,538421053;10,06268421;9,781894737;1,2;0;-11,73286004;0;6;0;;;;;;;;;;;;
308;308;4,866105263;2,573684211;5,987368421;6,035052632;0;0;-12,73;0;3;0;;;;;;;;;;;;
309;309;13,15824864;4,079894737;4,137368421;4,096157895;0;0;-0,655172414;0;1,5;0;;;;;;;;;;;;
310;310;10,85501053;2,645536842;5,292105263;4,897368421;0;0;-7,98;0;6;0;;;;;;;;;;;;
311;311;15,13593039;5,061052632;9,440631579;9,480052632;0;0;-10,34580645;0;1,5;0;;;;;;;;;;;;
312;312;21,41503859;4,568421053;9,649684211;9,583736842;0;0;-6,886803519;0;4,5;0;;;;;;;;;;;;
313;313;6,375109804;1,572105263;5,300526316;5,327968421;0;0;-8,825490196;0;3;0;;;;;;;;;;;;
314;314;23,67277193;5,412105263;9,987473684;9,956526316;0;0;-5,607575758;-0,575757576;4,5;0;;;;;;;;;;;;
315;315;18,26727889;5,548947368;8,657842105;10,98742105;0;0;-1,318823529;0;7,5;-13,10810811;;;;;;;;;;;;
316;316;6,126694737;2,3688;1,128947368;1,128947368;0;0;0;0;1,5;0;;;;;;;;;;;;
317;317;11,23110526;4,427894737;2,631736842;2,671473684;0;0;0;0;1,5;0;;;;;;;;;;;;
318;318;9,020998816;2,74;6,904210526;6,763894737;0;0;-11,10089955;-0,786206897;4,5;0;;;;;;;;;;;;
319;319;5,152694737;0,447431579;0,852631579;0,852631579;0;0;0;0;3;0;;;;;;;;;;;;
320;320;28,92078947;5,325789474;10,84247368;9,752526316;0;0;0;0;3;0;;;;;;;;;;;;
321;321;18,69532632;2,507957895;5,101052632;5,086315789;0;0;0;0;6;0;;;;;;;;;;;;
322;322;7,398350376;4,356842105;7,285421053;9,858157895;0;1;-2,371301446;0;4,5;-17,23076923;;;;;;;;;;;;
323;323;6,515831579;0,2632;0,376315789;0,376315789;0;0;-2;0;7,5;0;;;;;;;;;;;;
324;324;9,538421053;0,497894737;3,177473684;2,863052632;0;0;0;0;3;0;;;;;;;;;;;;
325;325;-1,275064327;1,584210526;5,249368421;5,263578947;0;0;-14,87222222;0;1,5;0;;;;;;;;;;;;
326;326;-36,97908772;0,534210526;2,011578947;2,041789474;0;0;-43,06666667;0;1,5;0;;;;;;;;;;;;
327;327;10,46669474;1,592905263;3,438157895;3,375631579;0;0;-2,44;0;4,5;0;;;;;;;;;;;;
328;328;5,050042105;0,2632;0,376315789;0,410526316;0;0;-2;0;6;0;;;;;;;;;;;;
329;329;4,907431579;1,036905263;3,248684211;3,161842105;0;0;-2,773333333;-1,266666667;1,5;0;;;;;;;;;;;;
330;330;5,135768421;1,554315789;1,258421053;1,323031579;0;0;-2;0;3;0;;;;;;;;;;;;
331;331;26,00802159;4,325263158;10,12305263;9,272526316;0;0;-5,212820513;0;7,5;0;;;;;;;;;;;;
332;332;7,981917229;1,199473684;4,611947368;4,604684211;0;0;-5,878632479;-1,055555556;4,5;0;;;;;;;;;;;;
333;333;-2,240175439;1,101578947;3,416842105;3,514736842;0;0;-13,27333333;0;3;0;;;;;;;;;;;;
334;334;1,94019883;1,922631579;6,140684211;6,199105263;0;0;-16,22222222;-0,6;4,5;0;;;;;;;;;;;;
335;335;24,58925697;5,822105263;7,838947368;7,275263158;3;0;-2,347058824;0;3;0;;;;;;;;;;;;
336;336;13,34870709;4,172105263;5,471315789;5,387894737;0;0;-6,182608696;0;4,5;0;;;;;;;;;;;;
337;337;10,59626579;2,805936842;5,846315789;5,425263158;1;0;-7,48125;0;3;0;;;;;;;;;;;;
338;338;5,515831579;0,2632;0,376315789;0,376315789;0;0;0;0;4,5;0;;;;;;;;;;;;
339;339;4,889159514;2,223936842;3,390789474;3,412894737;0;0;-7,138461538;0;3;0;;;;;;;;;;;;
340;340;-0,963536842;0,176989474;1,202631579;1,136842105;0;0;-7,98;0;4,5;0;;;;;;;;;;;;
341;341;2,515831579;0,2632;0,376315789;0,376315789;0;0;0;0;1,5;0;;;;;;;;;;;;
342;342;14,51221053;4,424736842;5,763157895;5,676315789;0;0;-3,592;-0,76;3;0;;;;;;;;;;;;
343;343;-0,449957895;0,2632;0,376315789;0,410526316;0;0;-3;0;1,5;0;;;;;;;;;;;;
344;344;5,515831579;0,2632;0,376315789;0,376315789;0;0;0;0;4,5;0;;;;;;;;;;;;
345;345;3,092273684;1,0528;0,752631579;0,786842105;0;0;-1;0;1,5;0;;;;;;;;;;;;
346;346;5,050042105;0,2632;0,376315789;0,410526316;0;0;-2;0;6;0;;;;;;;;;;;;
347;347;4,015831579;0,2632;0,376315789;0,376315789;0;0;0;0;3;0;;;;;;;;;;;;
348;348;4,194688995;1,931578947;5,837368421;5,862105263;0;0;-10,93636364;0;1,5;0;;;;;;;;;;;;
349;349;-5,794385965;3,043157895;3,021052632;3,794736842;0;0;-5,32;0;3;-13,33333333;;;;;;;;;;;;
350;350;26,52323329;5,703684211;10,41315789;10,24152632;0;0;-1,027027027;-0,308108108;1,5;0;;;;;;;;;;;;
351;351;14,04315789;6,58;1,847368421;1,915789474;0;0;-0,8;0;4,5;0;;;;;;;;;;;;
352;352;6,898832536;2,357894737;6,420673684;6,597536842;0;0;-9,845454545;-1,631818182;3;0;;;;;;;;;;;;
353;353;20,70142096;4,086842105;9,028989474;8,714736842;0;0;-5,629147465;0;4,5;0;;;;;;;;;;;;
354;354;24,58752738;5,368947368;10,12904211;10,07004211;0;0;-6,437647059;-0,542857143;6;0;;;;;;;;;;;;
355;355;10,75359876;1,927368421;6,037294737;5,958347368;0;0;-6,169411765;0;3;0;;;;;;;;;;;;
356;356;9,642441427;2,178421053;5,961557895;6,130473684;0;0;-6,510364146;-1,117647059;3;0;;;;;;;;;;;;
357;357;16,77308961;2,763157895;7,401505263;7,236631579;0;0;-2,128205128;0;1,5;0;;;;;;;;;;;;
358;358;6,238431898;2,312210526;3,1104;3,091578947;0;0;-3,257575758;-0,518181818;1,5;0;;;;;;;;;;;;
359;359;7,861396491;3,063957895;5,283578947;5,330526316;0;0;-7,316666667;0;1,5;0;;;;;;;;;;;;
360;360;7,865643541;1,937894737;6,206315789;6,124842105;0;0;-6,715909091;-1,1875;1,5;0;;;;;;;;;;;;
361;361;6,663342026;2,457894737;5,413421053;6,639473684;0;1;-2,955555556;0;6;-11,89189189;;;;;;;;;;;;
362;362;11,81095356;3,085789474;7,532842105;7,645263158;0;0;-8;-1,452941176;3;0;;;;;;;;;;;;
363;363;14,75719298;1,696842105;5,738210526;5,355473684;0;0;-1,108333333;-1,425;4,5;0;;;;;;;;;;;;
364;364;2,058063158;1,0528;0,718421053;0,786842105;0;0;-2;0;1,5;0;;;;;;;;;;;;
365;365;7,122143299;4,36;8,339578947;8,590631579;0;0;-16,6092437;-0,558823529;3;0;;;;;;;;;;;;
366;366;10,87046316;4,2112;1,436842105;1,472421053;0;0;-0,75;0;4,5;0;;;;;;;;;;;;
367;367;17,62130526;2,831831579;4,336842105;4,452631579;0;0;0;0;6;0;;;;;;;;;;;;
368;368;6,023852632;1,0528;0,718421053;0,752631579;0;0;-1;0;4,5;0;;;;;;;;;;;;
369;369;7,653305263;4,2112;1,436842105;1,505263158;0;0;-1;0;1,5;0;;;;;;;;;;;;
370;370;6,677536394;4,325263158;6,595789474;8,690526316;0;2;-0,7;0;3;-17,23404255;;;;;;;;;;;;
371;371;5,248315789;2,534842105;3,104336842;3,565136842;0;2;0;-0,456;4,5;-10;;;;;;;;;;;;
372;372;24,84542861;3,476315789;8,898915789;8,049684211;3,8;0;-2,046153846;-0,333333333;3;0;;;;;;;;;;;;
373;373;-3,406491228;0,215789474;2,024210526;2,036842105;0;0;-9,183333333;0;1,5;0;;;;;;;;;;;;
374;374;6,947410526;0,2632;0,342105263;0,342105263;0;0;0;0;6;0;;;;;;;;;;;;
375;375;15,51532583;4,086842105;8,881263158;8,767957895;0;0;-9,220737327;0;3;0;;;;;;;;;;;;
376;376;15,5009198;6,264210526;8,818210526;11,56605263;0;2;-1,951351351;0;4,5;-15,69620253;;;;;;;;;;;;
377;377;3,921221053;1,0528;0,684210526;0,684210526;0;0;0;0;1,5;0;;;;;;;;;;;;
378;378;7,483157895;2,8;4,944421053;6,133473684;0;2;0;0;4,5;-12,89473684;;;;;;;;;;;;
379;379;3,952442105;1,923157895;5,607631579;5,741652632;0;0;-12,32;0;3;0;;;;;;;;;;;;
380;380;1,925649123;0,079473684;1,002631579;1,010210526;0;0;-3,166666667;0;3;0;;;;;;;;;;;;
381;381;7,51687218;2,452631579;5,922947368;6,055578947;0;0;-8,414285714;0;1,5;0;;;;;;;;;;;;
382;382;10,98078947;3,322;3,027263158;3,131526316;0;0;0;0;1,5;0;;;;;;;;;;;;
383;383;1,376421053;0,186210526;0,578789474;0,611421053;0;0;-3;0;3;0;;;;;;;;;;;;
384;384;-1,697789474;0,197263158;0,673684211;0,681263158;0;0;-4,75;0;1,5;0;;;;;;;;;;;;
385;385;3,947410526;0,2632;0,342105263;0,342105263;0;0;0;0;3;0;;;;;;;;;;;;
386;386;15,58773562;6,58;6,587368421;7,983157895;0;1;-1,4;0;6;-11,1627907;;;;;;;;;;;;
387;387;8,888849903;2,87;7,080410526;7,306957895;0;0;-9,711111111;-1,657407407;3;0;;;;;;;;;;;;
388;388;8,551115789;2,053431579;3,915157895;4,062526316;0;0;-8,646666667;-0,333333333;7,5;0;;;;;;;;;;;;
389;389;4,002947368;3,145789474;7,152631579;7,240526316;0;0;-15,276;-1,26;3;0;;;;;;;;;;;;
390;390;6,613158396;3,448315789;3,062905263;3,263842105;0;0;-4,119047619;-0,542857143;1,5;0;;;;;;;;;;;;
391;391;23,40459422;6,264210526;9,552315789;11,30784211;0;2;-1,232432432;0;4,5;-8,987341772;;;;;;;;;;;;
392;392;10,22796491;2,09;5,470263158;5,609368421;0;0;-7,441666667;0;4,5;0;;;;;;;;;;;;
393;393;3,174621053;0,490147368;2,324210526;2,185263158;0;0;-6,325;0;4,5;0;;;;;;;;;;;;
394;394;10,39862664;5,148421053;7,955368421;10,43621053;0;3;-3,634126984;0;3;-15,50724638;;;;;;;;;;;;
395;395;10,02387232;4,874736842;7,754842105;10,36257895;0;3;-1,834482759;0;1,5;-15,63380282;;;;;;;;;;;;
396;396;-9,376315789;0,508947368;1,503157895;2,111578947;0;0;0;0;1,5;-15;;;;;;;;;;;;
397;397;2,510398496;2,675263158;5,039894737;6,509526316;0;3;0;-2,714285714;3;-15;;;;;;;;;;;;
398;398;9,583369676;5,703684211;7,867842105;10,83473684;0;2;-2,322893482;0;3;-17,5;;;;;;;;;;;;
399;399;2,344778947;0,2632;0,273684211;0,307894737;0;0;0;0;1,5;0;;;;;;;;;;;;
400;400;-14,63578947;6,58;1,197368421;2,086842105;0;0;0;0;1,5;-26;;;;;;;;;;;;
401;401;4,242147368;0,2632;0,205263158;0,273684211;0;0;0;-1;4,5;0;;;;;;;;;;;;
402;402;0,085789474;0,421052632;1,874473684;2,290263158;0;1;0;0;7,5;-13;;;;;;;;;;;;
403;403;-8,486807018;0,17;1,434526316;1,392;0;0;-12,98333333;0;1,5;0;;;;;;;;;;;;
404;404;-3,621437247;0,266842105;0,979105263;1,248;0;1;0;0;7,5;-14,61538462;;;;;;;;;;;;
405;405;1,5;0;0;0;0;0;0;0;1,5;0;;;;;;;;;;;;
406;406;-0,498413534;0,087894737;0,937157895;0,905105263;0;0;-5,428571429;0;3;0;;;;;;;;;;;;
407;407;3,925789474;0,181578947;1,35;1,334210526;0;0;-3,8;-1,14;6;0;;;;;;;;;;;;
408;408;6,682226721;1,583157895;4,414421053;4,369263158;0;0;-8,184615385;0;4,5;0;;;;;;;;;;;;
409;409;3,206842105;0,001578947;0,102631579;0,102631579;0;0;0;0;3;0;;;;;;;;;;;;
410;410;-5,709615385;1,208947368;3,810894737;3,955157895;0;0;-17,68461538;0;3;0;;;;;;;;;;;;
411;411;-8,154586466;0,096315789;0,794210526;1,026315789;0;1;0;0;7,5;-18,57142857;;;;;;;;;;;;
412;412;5,725263158;0,042105263;0,591578947;0,591578947;0;0;0;0;4,5;0;;;;;;;;;;;;
413;413;18,13154268;1,998421053;6,225368421;5,590526316;1,2;0;-4,382773109;0;7,5;0;;;;;;;;;;;;
414;414;1,5;0;0;0;0;0;0;0;1,5;0;;;;;;;;;;;;
415;415;1,5;0;0;0;0;0;0;0;1,5;0;;;;;;;;;;;;
416;416;-6,824736842;0,001578947;0,078947368;0,094736842;0;0;0;0;3;-10;;;;;;;;;;;;
417;417;-3,756959064;1,2;3,832105263;3,813157895;0;0;-14,10222222;0;1,5;0;;;;;;;;;;;;
418;418;11,40631579;0,541052632;2,64;2,625263158;0;0;-1,9;0;7,5;0;;;;;;;;;;;;
419;419;6;0;0;0;0;0;0;0;6;0;;;;;;;;;;;;
420;420;-4,746720648;1,091052632;3,050684211;2,796157895;0;0;-17,68461538;0;6;0;;;;;;;;;;;;
421;421;-0,331052632;0,263157895;1,460526316;1,605263158;0;1;-2,66;0;6;-8;;;;;;;;;;;;
422;422;7,494082437;1,730526316;4,201894737;4,198578947;0;0;-7,136917563;0;4,5;0;;;;;;;;;;;;
423;423;1,5;0;0;0;0;0;0;0;1,5;0;;;;;;;;;;;;
424;424;9,884750774;2,377368421;6,146105263;5,617894737;1;0;-8,256617647;0;3;0;;;;;;;;;;;;
425;425;7,277719298;0,380526316;1,915263158;1,915263158;0;0;-4,433333333;0;7,5;0;;;;;;;;;;;;
426;426;3,206842105;0,001578947;0,102631579;0,102631579;0;0;0;0;3;0;;;;;;;;;;;;
427;427;-10,05368421;0,004210526;0,181578947;0,260526316;0;0;0;0;4,5;-15;;;;;;;;;;;;
428;428;3;0;0;0;0;0;0;0;3;0;;;;;;;;;;;;
429;429;17,53266515;3,83;7,753368421;7,534210526;0;0;-5,073491379;-1,011422414;4,5;0;;;;;;;;;;;;
430;430;-14,03763158;0,025263158;0,355263158;0,581842105;0;0;0;0;7,5;-22,5;;;;;;;;;;;;
431;431;1,631710944;0,909473684;3,396315789;3,260842105;0;0;-10,43492063;0;4,5;0;;;;;;;;;;;;
432;432;3;0;0;0;0;0;0;0;3;0;;;;;;;;;;;;
433;433;6,129900929;1,825263158;3,086842105;3,070736842;0;0;-3,352941176;0;1,5;0;;;;;;;;;;;;
434;434;15,13711412;3,932631579;7,890578947;7,865105263;0;0;-12,05120167;0;7,5;0;;;;;;;;;;;;
435;435;-6,384210526;0,010526316;0,276315789;0,328947368;0;0;0;0;3;-10;;;;;;;;;;;;
436;436;6,206842105;0,001578947;0,102631579;0,102631579;0;0;0;0;6;0;;;;;;;;;;;;
437;437;-13,2291462;2,046315789;2,029263158;3,473052632;0;0;0;0;4,5;-25,27777778;;;;;;;;;;;;
438;438;1,5;0;0;0;0;0;0;0;1,5;0;;;;;;;;;;;;
439;439;-3,506315789;0,004210526;0,223684211;0,265789474;0;0;0;0;6;-10;;;;;;;;;;;;
440;440;-45,33947368;0,002631579;0,013157895;0,144736842;0;0;0;0;4,5;-50;;;;;;;;;;;;
441;441;1,5;0;0;0;0;0;0;0;1,5;0;;;;;;;;;;;;
442;442;16,99947368;1,936842105;6,008421053;5,334210526;0;0;-1,9;-0,38;6;0;;;;;;;;;;;;
443;443;20,12613612;4,551578947;9,866105263;8,311210526;0;0;-10,10275862;0;7,5;0;;;;;;;;;;;;
444;444;1,164210526;0,168421053;1,077894737;1,117894737;0;0;-3,325;-2,375;4,5;0;;;;;;;;;;;;
445;445;4,5;0;0;0;0;0;0;0;4,5;0;;;;;;;;;;;;
446;446;17,63940536;3,762105263;9,272842105;7,728736842;2,2;0;-9,824278846;0;4,5;0;;;;;;;;;;;;
447;447;7,058070175;0,385263158;2,267368421;2,122105263;0;0;-2,216666667;0;4,5;0;;;;;;;;;;;;
448;448;4,83931911;5,048947368;6,779894737;9,160894737;0;2;-2,838823529;0;1,5;-16,8115942;;;;;;;;;;;;
449;449;11,87034706;5,219473684;6,589105263;9,098;0;1;0;0;7,5;-17,53623188;;;;;;;;;;;;
450;450;19,38716592;4,383157895;8,298947368;8,298315789;0;0;-9,093255132;0;7,5;0;;;;;;;;;;;;
451;451;8,635921053;0,8;3,489473684;3,258947368;0;0;-6,4125;0;7,5;0;;;;;;;;;;;;
452;452;7,211842105;0,213157895;1,236315789;1,262368421;0;0;0;0;4,5;0;;;;;;;;;;;;
453;453;24,14971429;4,461578947;9,145315789;8,317105263;3,5;0;-7,274285714;0;6;0;;;;;;;;;;;;
454;454;6,798296651;1,714210526;4,779315789;4,859315789;0;0;-9,054545455;0;4,5;0;;;;;;;;;;;;
455;455;4,5;0;0;0;0;0;0;0;4,5;0;;;;;;;;;;;;
456;456;3,687894737;0,008947368;0,339473684;0,339473684;0;0;0;0;3;0;;;;;;;;;;;;
457;457;4,5;0;0;0;0;0;0;0;4,5;0;;;;;;;;;;;;
458;458;-2,207894737;0,002631579;0,131578947;0,157894737;0;0;0;0;7,5;-10;;;;;;;;;;;;
459;459;1,5;0;0;0;0;0;0;0;1,5;0;;;;;;;;;;;;
460;460;6,547466165;0,696315789;2,012684211;1,909894737;0;0;-4,071428571;0;6;0;;;;;;;;;;;;
461;461;1,5;0;0;0;0;0;0;0;1,5;0;;;;;;;;;;;;
462;462;-0,988947368;0,042105263;0,552631579;0,566315789;0;0;-6,65;0;4,5;0;;;;;;;;;;;;
463;463;19,89021053;2,341052632;6,936315789;6,112842105;0;0;0;0;4,5;0;;;;;;;;;;;;
464;464;11,64354386;1,364210526;5,920105263;4,825894737;0,9;0;-7,6;-1,266666667;7,5;0;;;;;;;;;;;;
465;465;3;0;0;0;0;0;0;0;3;0;;;;;;;;;;;;
466;466;6;0;0;0;0;0;0;0;6;0;;;;;;;;;;;;
467;467;6,513231873;1,385789474;4,131315789;4,112210526;0;0;-10,17762238;-0,438461538;7,5;0;;;;;;;;;;;;
468;468;1,32285083;0,951578947;3,563684211;3,650368421;0;0;-12,84278075;0;6;0;;;;;;;;;;;;
469;469;1,5;0;0;0;0;0;0;0;1,5;0;;;;;;;;;;;;
470;470;1,5;0;0;0;0;0;0;0;1,5;0;;;;;;;;;;;;
471;471;3,191052632;0,001578947;0,094736842;0,094736842;0;0;0;0;3;0;;;;;;;;;;;;
472;472;0,767057416;0,95;3,472894737;3,500526316;0;0;-9,586363636;-0,57;3;0;;;;;;;;;;;;
473;473;-0,822259562;1,351052632;4,165894737;4,326631579;0;0;-12,30869565;-1,357142857;3;0;;;;;;;;;;;;
474;474;26,49854202;4,145789474;8,965157895;8,197473684;0;0;-2,309879032;0;7,5;0;;;;;;;;;;;;
475;475;9,669122807;1,160526316;3,487105263;3,288157895;0;0;-1,266666667;0;3;0;;;;;;;;;;;;
476;476;5,991093117;1,067368421;2,471368421;2,413894737;0;0;-1,461538462;0;1,5;0;;;;;;;;;;;;
477;477;4,5;0;0;0;0;0;0;0;4,5;0;;;;;;;;;;;;
478;478;-4,290017544;0,014210526;0,260526316;0,268578947;0;0;-6,333333333;0;1,5;0;;;;;;;;;;;;
479;479;3,15123445;1,835789474;5,426315789;4,954947368;1;0;-11,56581818;0;1,5;0;;;;;;;;;;;;
480;480;3,589473684;0,010526316;0,289473684;0,289473684;0;0;0;0;3;0;;;;;;;;;;;;
481;481;1,5;0;0;0;0;0;0;0;1,5;0;;;;;;;;;;;;
482;482;17,86286842;3,68;8,427789474;7,667578947;0;0;-6,4125;0;4,5;0;;;;;;;;;;;;
483;483;1,5;0;0;0;0;0;0;0;1,5;0;;;;;;;;;;;;
484;484;7,494736842;1,223684211;4,211842105;4,229210526;0;0;-8,17;0;6;0;;;;;;;;;;;;
485;485;3;0;0;0;0;0;0;0;3;0;;;;;;;;;;;;
486;486;7,5;0;0;0;0;0;0;0;7,5;0;;;;;;;;;;;;
487;487;3,424719298;0,664736842;2,594052632;2,599263158;0;0;-5,433333333;0;3;0;;;;;;;;;;;;
488;488;11,33213673;3,008947368;6,908578947;6,646947368;0;0;-9,376086957;-0,35625;4,5;0;;;;;;;;;;;;
489;489;5,538070175;1,918421053;3,971842105;4,014473684;0;0;-8,866666667;0;4,5;0;;;;;;;;;;;;
490;490;-5,804255639;0,206315789;1,631368421;1,686631579;0;0;-16,82857143;0;7,5;0;;;;;;;;;;;;
491;491;6,552631579;0,157894737;0,939473684;0,955263158;0;0;0;0;4,5;0;;;;;;;;;;;;
492;492;1,5;0;0;0;0;0;0;0;1,5;0;;;;;;;;;;;;
493;493;6,191052632;0,001578947;0,094736842;0,094736842;0;0;0;0;6;0;;;;;;;;;;;;
494;494;3;0;0;0;0;0;0;0;3;0;;;;;;;;;;;;
495;495;3;0;0;0;0;0;0;0;3;0;;;;;;;;;;;;
496;496;-11,56947368;0,004210526;0,173684211;0,252631579;0;0;0;0;3;-15;;;;;;;;;;;;
497;497;10,08157895;0,986842105;2,281578947;2,313157895;0;0;0;0;4,5;0;;;;;;;;;;;;
498;498;4,5;0;0;0;0;0;0;0;4,5;0;;;;;;;;;;;;
499;499;12,93785575;2,795789474;6,151842105;6,217631579;0;0;-6,727407407;0;4,5;0;;;;;;;;;;;;
500;500;6,344736842;0,002631579;0,171052632;0,171052632;0;0;0;0;6;0;;;;;;;;;;;;
501;501;3,651715064;2,213157895;4,411052632;4,510263158;0;0;-9,172413793;-1,310344828;3;0;;;;;;;;;;;;
502;502;3,364076345;1,141052632;4,221578947;4,114631579;0;0;-13,61318681;0;7,5;0;;;;;;;;;;;;
503;503;7,5;0;0;0;0;0;0;0;7,5;0;;;;;;;;;;;;
504;504;10,67221053;0,92;3,870947368;3,681263158;0;0;-3,8;0;6;0;;;;;;;;;;;;
505;505;16,78578947;2,528947368;4,911052632;4,845789474;0;0;0;0;4,5;0;;;;;;;;;;;;
506;506;4,063421053;0,023684211;0,552631579;0,487105263;0;0;0;0;3;0;;;;;;;;;;;;
507;507;4,5;0;0;0;0;0;0;0;4,5;0;;;;;;;;;;;;
508;508;6,808810831;1,995789474;5,335263158;5,441526316;0;0;-10,46376812;0;4,5;0;;;;;;;;;;;;
509;509;7,194736842;0,168421053;1,275789474;1,250526316;0;0;0;0;4,5;0;;;;;;;;;;;;
510;510;6;0;0;0;0;0;0;0;6;0;;;;;;;;;;;;
511;511;-31,37105263;0,048421053;0,757368421;0,773157895;0;0;-38,95;0;6;0;;;;;;;;;;;;
512;512;-4,215789474;0,160526316;1,057894737;1,065789474;0;0;-9,5;0;3;0;;;;;;;;;;;;
513;513;-8,207894737;0,002631579;0,131578947;0,157894737;0;0;0;0;1,5;-10;;;;;;;;;;;;
514;514;6,859444444;1,634210526;4,350789474;4,23;0;0;-4,855555556;0;1,5;0;;;;;;;;;;;;
515;515;6,569224256;1,796315789;5,008578947;4,983894737;0;0;-8,219565217;0;3;0;;;;;;;;;;;;
516;516;3,454411028;0,698947368;1,935473684;1,981894737;0;0;-3,619047619;-0,542857143;3;0;;;;;;;;;;;;
517;517;-1,321052632;0,039473684;0,473684211;0,465789474;0;0;-3,8;0;1,5;0;;;;;;;;;;;;
518;518;23,11293233;4,210526316;8,593421053;7,911842105;0;0;-4,56;-0,542857143;7,5;0;;;;;;;;;;;;
519;519;-17,79445865;0,206315789;1,118894737;1,737473684;0;1;-2,714285714;0;3;-22,14285714;;;;;;;;;;;;
520;520;6;0;0;0;0;0;0;0;6;0;;;;;;;;;;;;
521;521;6,211578947;0,355263158;1,428157895;1,428157895;0;0;0;0;3;0;;;;;;;;;;;;
522;522;7,5;0;0;0;0;0;0;0;7,5;0;;;;;;;;;;;;
523;523;7,5;0;0;0;0;0;0;0;7,5;0;;;;;;;;;;;;
524;524;10,36805668;0,458947368;2,220789474;2,234473684;0;0;-2,046153846;0;7,5;0;;;;;;;;;;;;
525;525;5,13;0,014210526;0,323526316;0,292263158;0;0;0;0;4,5;0;;;;;;;;;;;;
526;526;-21,18952632;0,035789474;0,670736842;0,678947368;0;0;-27,075;0;4,5;0;;;;;;;;;;;;
527;527;-2,414210526;0,027894737;0,521052632;0,536842105;0;0;-9,5;0;6;0;;;;;;;;;;;;
528;528;6,773684211;0,010526316;0,421052632;0,342105263;0;0;0;0;6;0;;;;;;;;;;;;
529;529;3;0;0;0;0;0;0;0;3;0;;;;;;;;;;;;
530;530;3;0;0;0;0;0;0;0;3;0;;;;;;;;;;;;
531;531;3;0;0;0;0;0;0;0;3;0;;;;;;;;;;;;
532;532;4,5;0;0;0;0;0;0;0;4,5;0;;;;;;;;;;;;
533;533;3;0;0;0;0;0;0;0;3;0;;;;;;;;;;;;
534;534;3;0;0;0;0;0;0;0;3;0;;;;;;;;;;;;
535;535;1,5;0;0;0;0;0;0;0;1,5;0;;;;;;;;;;;;
536;536;4,792105263;0,002631579;0,144736842;0,144736842;0;0;0;0;4,5;0;;;;;;;;;;;;
537;537;4,5;0;0;0;0;0;0;0;4,5;0;;;;;;;;;;;;
538;538;8,280065789;2,694736842;4,774736842;4,816842105;0;0;-5,81875;-1,1875;3;0;;;;;;;;;;;;
539;539;3;0;0;0;0;0;0;0;3;0;;;;;;;;;;;;
540;540;3,265789474;0,002631579;0,131578947;0,131578947;0;0;0;0;3;0;;;;;;;;;;;;
541;541;10,36594427;3,042105263;5,278947368;5,368421053;0;0;-7,823529412;0;4,5;0;;;;;;;;;;;;
542;542;4,5;0;0;0;0;0;0;0;4,5;0;;;;;;;;;;;;
543;543;9,094210526;0,515789474;2,052105263;2,026315789;0;0;0;0;4,5;0;;;;;;;;;;;;
544;544;6,615789474;0,010526316;0,302631579;0,302631579;0;0;0;0;6;0;;;;;;;;;;;;
545;545;12,02748284;1,392105263;3,474210526;3,474210526;0;0;-2,313043478;0;6;0;;;;;;;;;;;;
546;546;5,142105263;0,010526316;0,315789474;0,315789474;0;0;0;0;4,5;0;;;;;;;;;;;;
547;547;4,5;0;0;0;0;0;0;0;4,5;0;;;;;;;;;;;;
548;548;1,5;0;0;0;0;0;0;0;1,5;0;;;;;;;;;;;;
549;549;7,5;0;0;0;0;0;0;0;7,5;0;;;;;;;;;;;;
550;550;3,318421053;0,002631579;0,157894737;0,157894737;0;0;0;0;3;0;;;;;;;;;;;;
551;551;2,134473684;0,128947368;1,038947368;1,066578947;0;0;-7,6;0;7,5;0;;;;;;;;;;;;
552;552;3,318421053;0,002631579;0,157894737;0,157894737;0;0;0;0;3;0;;;;;;;;;;;;
553;553;7,5;0;0;0;0;0;0;0;7,5;0;;;;;;;;;;;;
554;554;10,12105263;0,673684211;2,513684211;2,433684211;0;0;0;0;4,5;0;;;;;;;;;;;;
555;555;9,577368421;2,368421053;4,815789474;4,713157895;0;0;-5,32;0;3;0;;;;;;;;;;;;
556;556;3;0;0;0;0;0;0;0;3;0;;;;;;;;;;;;
557;557;8,065614035;0,852631579;2,804210526;2,842105263;0;0;-4,433333333;0;6;0;;;;;;;;;;;;
558;558;4,5;0;0;0;0;0;0;0;4,5;0;;;;;;;;;;;;
559;559;7,5;0;0;0;0;0;0;0;7,5;0;;;;;;;;;;;;
560;560;3,55;0,515789474;2,225263158;2,158947368;0;0;-2,85;0;1,5;0;;;;;;;;;;;;
561;561;4,305263158;0,042105263;0,644210526;0,618947368;0;0;0;0;3;0;;;;;;;;;;;;
562;562;7,35;0,95;2,855;2,945;0;0;-1,4;-1;3;0;;;;;;;;;;;;
563;563;-9,671052632;0,010526316;0,302631579;0,315789474;0;0;-13,3;0;3;0;;;;;;;;;;;;
564;564;-4,919548872;0,515789474;2,210526316;2,118421053;0;0;-8,55;-2,714285714;1,5;0;;;;;;;;;;;;
565;565;6;0;0;0;0;0;0;0;6;0;;;;;;;;;;;;
566;566;6,45;0,002631579;0,263157895;0,184210526;0;0;0;0;6;0;;;;;;;;;;;;
567;567;4,5;0;0;0;0;0;0;0;4,5;0;;;;;;;;;;;;
568;568;0,68;0,065789474;0,710526316;0,723684211;0;0;-5,32;0;4,5;0;;;;;;;;;;;;
569;569;4,5;0;0;0;0;0;0;0;4,5;0;;;;;;;;;;;;
570;570;7,5;0;0;0;0;0;0;0;7,5;0;;;;;;;;;;;;
571;571;3,318421053;0,002631579;0,157894737;0,157894737;0;0;0;0;3;0;;;;;;;;;;;;
572;572;-5,418421053;0,263157895;1,539473684;1,578947368;0;0;-13,3;0;4,5;0;;;;;;;;;;;;
573;573;5,830526316;0,042105263;0,644210526;0,644210526;0;0;0;0;4,5;0;;;;;;;;;;;;
574;574;2,277105263;0,168421053;1,210526316;1,223157895;0;0;-3,325;0;3;0;;;;;;;;;;;;
575;575;1,5;0;0;0;0;0;0;0;1,5;0;;;;;;;;;;;;
576;576;7,5;0;0;0;0;0;0;0;7,5;0;;;;;;;;;;;;
577;577;3,344736842;0,002631579;0,171052632;0,171052632;0;0;0;0;3;0;;;;;;;;;;;;
578;578;3;0;0;0;0;0;0;0;3;0;;;;;;;;;;;;
579;579;7,5;0;0;0;0;0;0;0;7,5;0;;;;;;;;;;;;
580;580;1,5;0;0;0;0;0;0;0;1,5;0;;;;;;;;;;;;
581;581;4,5;0;0;0;0;0;0;0;4,5;0;;;;;;;;;;;;
582;582;4,5;0;0;0;0;0;0;0;4,5;0;;;;;;;;;;;;
583;583;3;0;0;0;0;0;0;0;3;0;;;;;;;;;;;;
584;584;6;0;0;0;0;0;0;0;6;0;;;;;;;;;;;;
585;585;1,5;0;0;0;0;0;-3;0;4,5;0;;;;;;;;;;;;
586;586;6;0;0;0;0;0;0;0;6;0;;;;;;;;;;;;
587;587;5,5;0;0;0;0;0;-2;0;7,5;0;;;;;;;;;;;;
588;588;7,5;0;0;0;0;0;0;0;7,5;0;;;;;;;;;;;;
589;589;1,5;0;0;0;0;0;0;0;1,5;0;;;;;;;;;;;;
590;590;1,5;0;0;0;0;0;0;0;1,5;0;;;;;;;;;;;;
591;591;3;0;0;0;0;0;0;0;3;0;;;;;;;;;;;;
592;592;1,5;0;0;0;0;0;0;0;1,5;0;;;;;;;;;;;;
593;593;1,5;0;0;0;0;0;0;0;1,5;0;;;;;;;;;;;;
594;594;1,5;0;0;0;0;0;0;0;1,5;0;;;;;;;;;;;;
595;595;1,5;0;0;0;0;0;0;0;1,5;0;;;;;;;;;;;;
596;596;3;0;0;0;0;0;0;0;3;0;;;;;;;;;;;;
597;597;1,5;0;0;0;0;0;0;0;1,5;0;;;;;;;;;;;;
598;598;1,5;0;0;0;0;0;0;0;1,5;0;;;;;;;;;;;;
599;599;4,5;0;0;0;0;0;0;0;4,5;0;;;;;;;;;;;;
600;600;4,5;0;0;0;0;0;0;0;4,5;0;;;;;;;;;;;;
601;601;3;0;0;0;0;0;0;0;3;0;;;;;;;;;;;;
602;602;3;0;0;0;0;0;0;0;3;0;;;;;;;;;;;;
603;603;1,5;0;0;0;0;0;0;0;1,5;0;;;;;;;;;;;;
604;604;3;0;0;0;0;0;0;0;3;0;;;;;;;;;;;;
605;605;3;0;0;0;0;0;0;0;3;0;;;;;;;;;;;;
606;606;3;0;0;0;0;0;0;0;3;0;;;;;;;;;;;;
607;607;1,5;0;0;0;0;0;0;0;1,5;0;;;;;;;;;;;;
608;608;6;0;0;0;0;0;0;0;6;0;;;;;;;;;;;;
609;609;7,5;0;0;0;0;0;0;0;7,5;0;;;;;;;;;;;;
610;610;7,5;0;0;0;0;0;0;0;7,5;0;;;;;;;;;;;;
611;611;1,5;0;0;0;0;0;0;0;1,5;0;;;;;;;;;;;;
612;612;3;0;0;0;0;0;0;0;3;0;;;;;;;;;;;;
613;613;3;0;0;0;0;0;0;0;3;0;;;;;;;;;;;;
614;614;3;0;0;0;0;0;0;0;3;0;;;;;;;;;;;;
615;615;7,5;0;0;0;0;0;0;0;7,5;0;;;;;;;;;;;;
616;616;7,5;0;0;0;0;0;0;0;7,5;0;;;;;;;;;;;;
617;617;3;0;0;0;0;0;0;0;3;0;;;;;;;;;;;;
618;618;6;0;0;0;0;0;0;0;6;0;;;;;;;;;;;;
619;619;6;0;0;0;0;0;0;0;6;0;;;;;;;;;;;;
620;620;3;0;0;0;0;0;0;0;3;0;;;;;;;;;;;;
621;621;1,5;0;0;0;0;0;0;0;1,5;0;;;;;;;;;;;;
622;622;3;0;0;0;0;0;0;0;3;0;;;;;;;;;;;;
